https://www.correio24horas.com.br/capa/;https://www.correio24horas.com.br/noticia/nid/mesa-tenista-paralimpica-morre-por-causa-do-novo-coronavirus
https://www.correio24horas.com.br/capa/;https://www.correio24horas.com.br/noticia/nid/a-pandemia-do-coronavirus-e-a-bahia
https://www.correio24horas.com.br/capa/;https://www.correio24horas.com.br/noticia/nid/salvador-registra-primeira-morte-por-coronavirus-na-bahia
https://www.correio24horas.com.br/capa/;https://www.correio24horas.com.br/noticia/nid/feira-de-santana-tem-tres-novos-casos-de-coronavirus
https://www.correio24horas.com.br/capa/;https://www.correio24horas.com.br/noticia/nid/tensao-politica-e-estrategias-de-combate-ao-coronavirus
https://www.correio24horas.com.br/capa/;https://www.correio24horas.com.br/noticia/nid/coronavirus-dicas-de-alimentacao-e-relato-sobre-a-italia
https://www.correio24horas.com.br/capa/;https://www.correio24horas.com.br/noticia/nid/uma-panorama-do-coronavirus-em-feira-de-santana
https://www.correio24horas.com.br/capa/;https://www.correio24horas.com.br/noticia/nid/coronavirus-fabricantes-ampliam-garantia-e-dao-mais-tempo-para-pagar-os-carros
https://www.correio24horas.com.br/capa/;https://www.correio24horas.com.br/noticia/nid/niteroi-vai-fazer-teste-de-covid-19-em-todos-os-pacientes-com-sintomas
https://www.correio24horas.com.br/capa/;https://www.correio24horas.com.br/noticia/nid/cremeb-suspende-medico-que-prometeu-soro-da-imunidade-para-covid-19
https://www.correio24horas.com.br/capa/;https://www.correio24horas.com.br/noticia/nid/coronavirus-posso-levar-meu-cachorro-no-pet-shop-conheca-5-pets-que-entregam-em-domicilio-na-quarentena
https://www.correio24horas.com.br/capa/;https://www.correio24horas.com.br/noticia/nid/coronavirus-sindico-instala-pia-na-entrada-de-predio-para-ajudar-vizinhos-idosos
https://www.correio24horas.com.br/capa/;https://www.correio24horas.com.br/noticia/nid/idoso-morto-por-coronavirus-em-salvador-fez-tratamento-com-cloroquina
http://atarde.uol.com.br/;http://coronavirus.atarde.com.br/unidade-ira-acolher-criancas-em-situacao-de-rua-com-suspeita-de-coronavirus
http://atarde.uol.com.br/;http://twitter.com/home?status=Trump promulga megaplano econômico por Covid-19+http://www.atarde.com.br/mundo/noticias/2124239-trump-promulga-megaplano-economico-por-covid19&utm_source=t.co&utm_medium=social&utm_campaign=tw-atarde
http://atarde.uol.com.br/;http://www.facebook.com/share.php?u=http://www.atarde.com.br/mundo/noticias/2124239-trump-promulga-megaplano-economico-por-covid19&utm_source=facebook.com&utm_medium=social&utm_campaign=fb-atarde&title=Trump promulga megaplano econômico por Covid-19
http://atarde.uol.com.br/;http://coronavirus.atarde.com.br/coronavirus-confira-mapa-atualizado-em-tempo-real
http://atarde.uol.com.br/;http://atarde.uol.com.br/imoveis/noticias/2124251-setor-da-construcao-adota-acoes-contra-coronavirus
http://atarde.uol.com.br/;http://atarde.uol.com.br/portalmunicipios/nordeste/noticias/2124326-estudantes-de-araci-usam-a-arte-para-disseminar-informacoes-de-prevencao-ao-coronavirus
http://atarde.uol.com.br/;http://www.facebook.com/share.php?u=http://atarde.uol.com.br/saude/noticias/2124238-cremeb-impede-exercicio-de-medico-que-prometia-soro-contra-o-coronavirus&utm_source=facebook.com&utm_medium=social&utm_campaign=fb-atarde&title=Cremeb impede exercício de médico que prometia soro contra o coronavírus
http://atarde.uol.com.br/;http://coronavirus.atarde.com.br/baianos-pelo-mundo-pandemia-do-coronavirus-altera-rotina-de-quem-vive-no-exterior
http://atarde.uol.com.br/;http://coronavirus.atarde.com.br/laboratorio-descarta-morte-por-coronavirus-em-brasilia
http://atarde.uol.com.br/;https://plus.google.com/share?url=http://www.atarde.com.br/saude/noticias/2124238-cremeb-impede-exercicio-de-medico-que-prometia-soro-contra-o-coronavirus
http://atarde.uol.com.br/;http://coronavirus.atarde.com.br/a-melhor-maneira-de-estarmos-juntos-e-estarmos-separados-afirma-acm-neto-em-mensagem-de-comemoracao-ao-aniversario-de-salvador
http://atarde.uol.com.br/;http://twitter.com/home?status=Técnico do Arsenal afirma estar recuperado da Covid-19+http://www.atarde.com.br/esportes/noticias/2124220-tecnico-do-arsenal-afirma-estar-recuperado-da-covid19&utm_source=t.co&utm_medium=social&utm_campaign=tw-atarde
http://atarde.uol.com.br/;http://coronavirus.atarde.com.br/prefeitura-lanca-programa-que-destina-r-270-mensais-para-comerciantes-individuais
http://atarde.uol.com.br/;http://coronavirus.atarde.com.br/estamos-conseguindo-achatar-a-curva-afirma-vilas-boas-sobre-covid-19-na-bahia
http://atarde.uol.com.br/;http://coronavirus.atarde.com.br/twitter-apaga-publicacoes-de-bolsonaro-apos-violacao-de-regras-da-rede
http://atarde.uol.com.br/;https://plus.google.com/share?url=http://www.atarde.com.br/economia/pr-newswire/noticias/2124315-hotforex-faz-doacao-generosa-a-oms-em-meio-a-crise-do-covid19
http://atarde.uol.com.br/;http://coronavirus.atarde.com.br/estamos-entregues-a-propria-sorte-diz-porta-voz-da-iiha-de-mare-em-meio-a-pandemia
http://atarde.uol.com.br/;http://coronavirus.atarde.com.br/boris-johnson-apresenta-resultado-positivo-para-o-coronavirus-com-sintomas-leves
http://atarde.uol.com.br/;http://coronavirus.atarde.com.br/papa-apoia-cessar-fogo-global-para-proteger-os-mais-vulneraveis-da-pandemia
http://atarde.uol.com.br/;https://plus.google.com/share?url=http://atarde.uol.com.br/esportes/noticias/2124218-dois-atletas-da-nba-estao-curados-do-coronavirus
http://atarde.uol.com.br/;http://www.facebook.com/share.php?u=http://atarde.uol.com.br/esportes/noticias/2124218-dois-atletas-da-nba-estao-curados-do-coronavirus&utm_source=facebook.com&utm_medium=social&utm_campaign=fb-atarde&title=Dois atletas da NBA estão curados do coronavírus
http://atarde.uol.com.br/;http://coronavirus.atarde.com.br/unidade-de-acolhimento-contra-o-coronavirus-e-inaugurada-neste-sabado-na-calcada
http://atarde.uol.com.br/;http://coronavirus.atarde.com.br/prefeitura-de-seabra-e-acionada-na-justica-por-nao-adotar-barreiras-sanitarias
http://atarde.uol.com.br/;http://coronavirus.atarde.com.br/senado-vota-hoje-auxilio-de-r-600-para-autonomos-e-informais
http://atarde.uol.com.br/;http://atarde.uol.com.br/levivasconcelos/noticias/2124160-segundo-fabio-vilasboas-o-pior-do-coronavirus-ainda-esta-por-vir
http://atarde.uol.com.br/;http://coronavirus.atarde.com.br/governo-da-bahia-adota-diversas-medidas-de-combate-ao-novo-coronavirus
http://atarde.uol.com.br/;http://coronavirus.atarde.com.br/trump-estende-quarentena-ate-30-de-abril-nos-eua
http://atarde.uol.com.br/;http://coronavirus.atarde.com.br/politicos-evangelicos-baianos-apoiam-decreto-de-bolsonaro-que-estabelece-atividades-religiosas-como-servico-publico-essencial-mas-divergem-quanto-a-realizacao-de-cultos-presenciais
http://atarde.uol.com.br/;http://twitter.com/home?status=Especialista esclarece relação entre esporte e pandemia+http://atarde.uol.com.br/esportes/noticias/2124013-especialista-esclarece-relacao-entre-esporte-e-pandemia-do-coronavirus&utm_source=t.co&utm_medium=social&utm_campaign=tw-atarde
http://atarde.uol.com.br/;http://www.facebook.com/share.php?u=http://www.atarde.com.br/imoveis/noticias/2124251-setor-da-construcao-adota-acoes-contra-coronavirus&utm_source=facebook.com&utm_medium=social&utm_campaign=fb-atarde&title=Setor da construção adota ações contra coronavírus
http://atarde.uol.com.br/;http://coronavirus.atarde.com.br/coronavirus-virus-que-atinge-caes-e-gatos-nao-e-prejudicial-a-humanos-diz-especialista
http://atarde.uol.com.br/;http://atarde.uol.com.br/mundo/noticias/2124239-trump-promulga-megaplano-economico-por-covid19
http://atarde.uol.com.br/;http://www.facebook.com/share.php?u=http://www.atarde.com.br/saude/noticias/2124238-cremeb-impede-exercicio-de-medico-que-prometia-soro-contra-o-coronavirus&utm_source=facebook.com&utm_medium=social&utm_campaign=fb-atarde&title=Cremeb impede exercício de médico que prometia soro contra o coronavírus
http://atarde.uol.com.br/;http://coronavirus.atarde.com.br/delegacia-digital-evita-aglomeracoes-em-tempos-de-coronavirus
http://atarde.uol.com.br/;http://twitter.com/home?status=Segundo Fábio Vilas-Boas, o pior do coronavírus ainda está por vir+http://www.atarde.com.br/levivasconcelos/noticias/2124160-segundo-fabio-vilasboas-o-pior-do-coronavirus-ainda-esta-por-vir&utm_source=t.co&utm_medium=social&utm_campaign=tw-atarde
http://atarde.uol.com.br/;http://atarde.uol.com.br/esportes/noticias/2124013-especialista-esclarece-relacao-entre-esporte-e-pandemia-do-coronavirus
http://atarde.uol.com.br/;https://plus.google.com/share?url=http://www.atarde.com.br/mundo/noticias/2124239-trump-promulga-megaplano-economico-por-covid19
http://atarde.uol.com.br/;http://coronavirus.atarde.com.br/treze-dos-39-deputados-baianos-sao-favoraveis-ao-uso-do-fundo-eleitoral-contra-a-covid-19
http://atarde.uol.com.br/;http://twitter.com/home?status=HotForex faz doação generosa à OMS em meio à crise do Covid-19+http://www.atarde.com.br/economia/pr-newswire/noticias/2124315-hotforex-faz-doacao-generosa-a-oms-em-meio-a-crise-do-covid19&utm_source=t.co&utm_medium=social&utm_campaign=tw-atarde
http://atarde.uol.com.br/;https://plus.google.com/share?url=http://atarde.uol.com.br/esportes/noticias/2124013-especialista-esclarece-relacao-entre-esporte-e-pandemia-do-coronavirus
http://atarde.uol.com.br/;http://atarde.uol.com.br/saude/noticias/2124238-cremeb-impede-exercicio-de-medico-que-prometia-soro-contra-o-coronavirus
http://atarde.uol.com.br/;http://coronavirus.atarde.com.br/sobe-numero-de-mortos-pela-covid-19-no-brasil-4-256-casos-estao-confirmados
http://atarde.uol.com.br/;http://coronavirus.atarde.com.br/vilas-boas-rebate-doria-e-diz-que-desaceleracao-de-casos-da-covid-19-em-sp-e-fake
http://atarde.uol.com.br/;http://coronavirus.atarde.com.br/entidades-alertam-para-importancia-do-isolamento-contra-a-covid-19
http://atarde.uol.com.br/;https://plus.google.com/share?url=http://atarde.uol.com.br/saude/noticias/2124238-cremeb-impede-exercicio-de-medico-que-prometia-soro-contra-o-coronavirus
http://atarde.uol.com.br/;https://plus.google.com/share?url=http://www.atarde.com.br/imoveis/noticias/2124251-setor-da-construcao-adota-acoes-contra-coronavirus
http://atarde.uol.com.br/;http://twitter.com/home?status=Cremeb impede exercício de médico que prometia soro contra o coronavírus+http://www.atarde.com.br/saude/noticias/2124238-cremeb-impede-exercicio-de-medico-que-prometia-soro-contra-o-coronavirus&utm_source=t.co&utm_medium=social&utm_campaign=tw-atarde
http://atarde.uol.com.br/;http://coronavirus.atarde.com.br/governo-anuncia-r-40-bi-para-empresas-pagarem-salarios-de-funcionarios
http://atarde.uol.com.br/;http://atarde.uol.com.br/portalmunicipios/municipios/noticias/2124331-coronavirus-isolamento-e-suspensao-de-aulas-impulsionam-ead
http://atarde.uol.com.br/;http://coronavirus.atarde.com.br/saiba-quais-produtos-de-limpeza-matam-o-coronavirus
http://atarde.uol.com.br/;http://coronavirus.atarde.com.br/falta-de-saneamento-e-agua-para-parte-da-populacao-brasileira-dificulta-combate-ao-coronavirus
http://atarde.uol.com.br/;http://coronavirus.atarde.com.br/emergencia-em-saude-e-estado-de-calamidade-veja-a-diferenca
http://atarde.uol.com.br/;http://coronavirus.atarde.com.br/bolsonaro-pede-que-stf-derrube-decreto-que-proibe-transporte-intermunicipal-na-bahia-e-outros-quatro-estados
http://atarde.uol.com.br/;https://plus.google.com/share?url=http://www.atarde.com.br/esportes/noticias/2124220-tecnico-do-arsenal-afirma-estar-recuperado-da-covid19
http://atarde.uol.com.br/;http://coronavirus.atarde.com.br/moradores-da-periferia-questionam-eficacia-das-acoes-de-conscientizacao
http://atarde.uol.com.br/;http://coronavirus.atarde.com.br/feira-exame-de-idosa-que-morreu-com-suspeita-de-coronavirus-da-negativo
http://atarde.uol.com.br/;http://coronavirus.atarde.com.br/pessoas-fazem-acoes-solidarias-para-ajudar-trabalhadores-informais
http://atarde.uol.com.br/;http://atarde.uol.com.br/esportes/noticias/2124220-tecnico-do-arsenal-afirma-estar-recuperado-da-covid19
http://atarde.uol.com.br/;http://www.facebook.com/share.php?u=http://www.atarde.com.br/levivasconcelos/noticias/2124160-segundo-fabio-vilasboas-o-pior-do-coronavirus-ainda-esta-por-vir&utm_source=facebook.com&utm_medium=social&utm_campaign=fb-atarde&title=Segundo Fábio Vilas-Boas, o pior do coronavírus ainda está por vir
http://atarde.uol.com.br/;https://plus.google.com/share?url=http://www.atarde.com.br/levivasconcelos/noticias/2124160-segundo-fabio-vilasboas-o-pior-do-coronavirus-ainda-esta-por-vir
http://atarde.uol.com.br/;http://atarde.uol.com.br/esportes/noticias/2124218-dois-atletas-da-nba-estao-curados-do-coronavirus
http://atarde.uol.com.br/;http://twitter.com/home?status=Dois atletas da NBA estão curados do coronavírus+http://atarde.uol.com.br/esportes/noticias/2124218-dois-atletas-da-nba-estao-curados-do-coronavirus&utm_source=t.co&utm_medium=social&utm_campaign=tw-atarde
http://atarde.uol.com.br/;http://www.facebook.com/share.php?u=http://www.atarde.com.br/esportes/noticias/2124220-tecnico-do-arsenal-afirma-estar-recuperado-da-covid19&utm_source=facebook.com&utm_medium=social&utm_campaign=fb-atarde&title=Técnico do Arsenal afirma estar recuperado da Covid-19
http://atarde.uol.com.br/;http://coronavirus.atarde.com.br/italia-deve-zerar-novos-casos-de-covid-19-entre-5-e-16-de-maio-preve-estudo
http://atarde.uol.com.br/;http://coronavirus.atarde.com.br/em-caso-raro-bebe-morre-por-covid-19-nos-estados-unidos
http://atarde.uol.com.br/;http://www.facebook.com/share.php?u=http://atarde.uol.com.br/esportes/noticias/2124013-especialista-esclarece-relacao-entre-esporte-e-pandemia-do-coronavirus&utm_source=facebook.com&utm_medium=social&utm_campaign=fb-atarde&title=Especialista esclarece relação entre esporte e pandemia
http://atarde.uol.com.br/;http://twitter.com/home?status=Cremeb impede exercício de médico que prometia soro contra o coronavírus+http://atarde.uol.com.br/saude/noticias/2124238-cremeb-impede-exercicio-de-medico-que-prometia-soro-contra-o-coronavirus&utm_source=t.co&utm_medium=social&utm_campaign=tw-atarde
http://atarde.uol.com.br/;http://atarde.uol.com.br/economia/pr-newswire/noticias/2124315-hotforex-faz-doacao-generosa-a-oms-em-meio-a-crise-do-covid19
http://atarde.uol.com.br/;http://www.facebook.com/share.php?u=http://www.atarde.com.br/economia/pr-newswire/noticias/2124315-hotforex-faz-doacao-generosa-a-oms-em-meio-a-crise-do-covid19&utm_source=facebook.com&utm_medium=social&utm_campaign=fb-atarde&title=HotForex faz doação generosa à OMS em meio à crise do Covid-19
http://atarde.uol.com.br/;http://twitter.com/home?status=Setor da construção adota ações contra coronavírus+http://www.atarde.com.br/imoveis/noticias/2124251-setor-da-construcao-adota-acoes-contra-coronavirus&utm_source=t.co&utm_medium=social&utm_campaign=tw-atarde
http://atarde.uol.com.br/;http://coronavirus.atarde.com.br/instituicao-baiana-lanca-painel-online-de-monitoramento-do-coronavirus
http://atarde.uol.com.br/;http://atarde.uol.com.br/portalmunicipios/municipios/noticias/2124320-pacientes-do-interior-com-sintomas-da-covid19-serao-atendidos-em-16-novas-upas
https://www.trbn.com.br/;https://www.trbn.com.br/materia/I25322/bahia-registra-147-casos-confirmados-de-covid-19
https://www.trbn.com.br/;https://www.trbn.com.br/materia/I25329/saiba-onde-pacientes-com-coronavirus-podem-ser-atendidos
https://www.trbn.com.br/;https://www.trbn.com.br/materia/I25321/bahia-registra-primeira-morte-de-paciente-com-coronavirus
https://www.trbn.com.br/;https://www.trbn.com.br/materia/I25328/bahia-registra-primeira-morte-por-covid-19
https://www.trbn.com.br/;https://www.trbn.com.br/materia/I25317/bahia-registra-127-casos-confirmados-de-covid-19
https://www.trbn.com.br/;https://www.trbn.com.br/materia/I25316/jovem-de-26-anos-morre-com-coronavirus-em-sp-diz-hospital
https://www.trbn.com.br/;https://www.trbn.com.br/materia/I25313/salvador-tera-unidade-hospitalar-com-mais-de-40-leitos-de-uti-exclusivas-para-coronavirus
https://www.trbn.com.br/;https://www.trbn.com.br/materia/I25314/italia-tem-889-novas-mortes-por-coronavirus-neste-sabado-e-supera-10-mil-vitimas
https://www.trbn.com.br/;https://www.trbn.com.br/materia/I25332/covid-19-produtos-chegam-a-dobrar-de-preco-em-feirinhas-e-mercadinhos
https://www.trbn.com.br/;https://www.trbn.com.br/materia/I25286/italia-tem-quase-mil-mortes-causadas-pela-covid-19-o-recorde-diario
https://www.trbn.com.br/;https://www.trbn.com.br/materia/I25331/coronavirus-alexandre-atende-governo-e-relaxa-exigencias-da-lei-de-responsabilidade-fiscal
https://www.trbn.com.br/;https://www.trbn.com.br/materia/I25306/pessoas-com-mais-de-60-anos-lideram-quantidade-de-mortos-por-covid-19
https://www.trbn.com.br/;https://www.trbn.com.br/materia/I25338/secretario-preve-grande-alta-no-no-de-casos-quando-covid-19-chegar-nas-favelas
https://www.trbn.com.br/;https://www.trbn.com.br/materia/I25318/brasil-tem-3-904-casos-e-111-mortes-por-covid-19
https://jornalnovafronteira.com.br/;https://jornalnovafronteira.com.br/canais/nacionais/jusmari-homenageia-professores-da-ufob-lapa-por-forca-tarefa-contra-o-covid-19
http://www.novoeste.com/;http://www.novoeste.com/index.php?page=destaque&op=readNews&id=45349
http://www.novoeste.com/;http://www.novoeste.com/index.php?page=destaque&op=readNews&id=45332
http://www.novoeste.com/;http://www.novoeste.com/index.php?page=destaque&op=readNews&id=45336
http://www.novoeste.com/;http://www.novoeste.com/index.php?page=destaque&op=readNews&id=45338
https://www.jornaldosudoeste.com/;https://www.jornaldosudoeste.com/coronavirus-bndes-anuncia-r-2-bilhoes-de-credito-para-area-da-saude/?share=facebook
https://www.jornaldosudoeste.com/;https://www.jornaldosudoeste.com/prefeito-de-itajuipe-faz-desabafo-e-diz-que-governos-federal-e-do-estado-mentem-em-relacao-aos-numeros-do-covid-19/?share=skype
https://www.jornaldosudoeste.com/;https://www.jornaldosudoeste.com/entenda-o-planejamento-do-governo-do-estado-para-atender-os-baianos-em-caso-de-contaminacao-com-o-coronavirus/?share=jetpack-whatsapp
https://www.jornaldosudoeste.com/;https://www.jornaldosudoeste.com/prefeitos-cobram-repasse-de-recursos-e-dialogo-com-governo-federal-para-enfrentar-a-crise-do-coronavirus/?share=twitter
https://www.jornaldosudoeste.com/;https://www.jornaldosudoeste.com/prefeito-de-itajuipe-faz-desabafo-e-diz-que-governos-federal-e-do-estado-mentem-em-relacao-aos-numeros-do-covid-19/?share=twitter
https://www.jornaldosudoeste.com/;https://www.jornaldosudoeste.com/covid-19-uso-maior-da-internet-requer-mais-cuidado-com-seguranca/?share=twitter
https://www.jornaldosudoeste.com/;https://www.jornaldosudoeste.com/prefeitos-cobram-repasse-de-recursos-e-dialogo-com-governo-federal-para-enfrentar-a-crise-do-coronavirus/?share=skype
https://www.jornaldosudoeste.com/;https://www.jornaldosudoeste.com/covid-19-uso-maior-da-internet-requer-mais-cuidado-com-seguranca/?share=jetpack-whatsapp
https://www.jornaldosudoeste.com/;https://www.jornaldosudoeste.com/prefeito-de-riacho-de-santana-aponta-acoes-desenvolvidas-no-municipio-para-combate-ao-covid-19/?share=twitter
https://www.jornaldosudoeste.com/;https://www.jornaldosudoeste.com/coronavirus-bndes-anuncia-r-2-bilhoes-de-credito-para-area-da-saude
https://www.jornaldosudoeste.com/;https://www.jornaldosudoeste.com/a-bahia-registra-123-casos-confirmados-com-coronavirus-covid-19
https://www.jornaldosudoeste.com/;https://www.jornaldosudoeste.com/entenda-o-planejamento-do-governo-do-estado-para-atender-os-baianos-em-caso-de-contaminacao-com-o-coronavirus
https://www.jornaldosudoeste.com/;https://www.jornaldosudoeste.com/entenda-o-planejamento-do-governo-do-estado-para-atender-os-baianos-em-caso-de-contaminacao-com-o-coronavirus/?share=facebook
https://www.jornaldosudoeste.com/;https://www.jornaldosudoeste.com/prefeito-de-riacho-de-santana-aponta-acoes-desenvolvidas-no-municipio-para-combate-ao-covid-19/?share=jetpack-whatsapp
https://www.jornaldosudoeste.com/;https://www.jornaldosudoeste.com/prefeitos-cobram-repasse-de-recursos-e-dialogo-com-governo-federal-para-enfrentar-a-crise-do-coronavirus
https://www.jornaldosudoeste.com/;https://www.jornaldosudoeste.com/entenda-o-planejamento-do-governo-do-estado-para-atender-os-baianos-em-caso-de-contaminacao-com-o-coronavirus/?share=twitter
https://www.jornaldosudoeste.com/;https://www.jornaldosudoeste.com/mpt-na-bahia-cobra-de-empregadores-medidas-de-protecao-ao-novo-coronavirus/?share=facebook
https://www.jornaldosudoeste.com/;https://www.jornaldosudoeste.com/prefeito-de-itajuipe-faz-desabafo-e-diz-que-governos-federal-e-do-estado-mentem-em-relacao-aos-numeros-do-covid-19
https://www.jornaldosudoeste.com/;https://www.jornaldosudoeste.com/mpt-na-bahia-cobra-de-empregadores-medidas-de-protecao-ao-novo-coronavirus/?share=twitter
https://www.jornaldosudoeste.com/;https://www.jornaldosudoeste.com/coronavirus-bndes-anuncia-r-2-bilhoes-de-credito-para-area-da-saude/?share=jetpack-whatsapp
https://www.jornaldosudoeste.com/;https://www.jornaldosudoeste.com/covid-19-uso-maior-da-internet-requer-mais-cuidado-com-seguranca/?share=facebook
https://www.jornaldosudoeste.com/;https://www.jornaldosudoeste.com/prefeitos-cobram-repasse-de-recursos-e-dialogo-com-governo-federal-para-enfrentar-a-crise-do-coronavirus/?share=facebook
https://www.jornaldosudoeste.com/;https://www.jornaldosudoeste.com/prefeito-de-riacho-de-santana-aponta-acoes-desenvolvidas-no-municipio-para-combate-ao-covid-19/?share=skype
https://www.jornaldosudoeste.com/;https://www.jornaldosudoeste.com/covid-19-uso-maior-da-internet-requer-mais-cuidado-com-seguranca/?share=skype
https://www.jornaldosudoeste.com/;https://www.jornaldosudoeste.com/mpt-na-bahia-cobra-de-empregadores-medidas-de-protecao-ao-novo-coronavirus/?share=skype
https://www.jornaldosudoeste.com/;https://www.jornaldosudoeste.com/prefeito-de-itajuipe-faz-desabafo-e-diz-que-governos-federal-e-do-estado-mentem-em-relacao-aos-numeros-do-covid-19/?share=jetpack-whatsapp
https://www.jornaldosudoeste.com/;https://www.jornaldosudoeste.com/mpt-na-bahia-cobra-de-empregadores-medidas-de-protecao-ao-novo-coronavirus
https://www.jornaldosudoeste.com/;https://www.jornaldosudoeste.com/coronavirus-bndes-anuncia-r-2-bilhoes-de-credito-para-area-da-saude/?share=skype
https://www.jornaldosudoeste.com/;https://www.jornaldosudoeste.com/covid-19-uso-maior-da-internet-requer-mais-cuidado-com-seguranca
https://www.jornaldosudoeste.com/;https://www.jornaldosudoeste.com/entenda-o-planejamento-do-governo-do-estado-para-atender-os-baianos-em-caso-de-contaminacao-com-o-coronavirus/?share=skype
https://www.jornaldosudoeste.com/;https://www.jornaldosudoeste.com/mpt-na-bahia-cobra-de-empregadores-medidas-de-protecao-ao-novo-coronavirus/?share=jetpack-whatsapp
https://www.jornaldosudoeste.com/;https://www.jornaldosudoeste.com/prefeito-de-riacho-de-santana-aponta-acoes-desenvolvidas-no-municipio-para-combate-ao-covid-19
https://www.jornaldosudoeste.com/;https://www.jornaldosudoeste.com/coronavirus-bndes-anuncia-r-2-bilhoes-de-credito-para-area-da-saude/?share=twitter
https://www.jornaldosudoeste.com/;https://www.jornaldosudoeste.com/coronavirus-ministerio-da-saude-lanca-aplicativo-para-tirar-duvidas-sobre-a-doenca
https://www.jornaldosudoeste.com/;https://www.jornaldosudoeste.com/prefeito-de-itajuipe-faz-desabafo-e-diz-que-governos-federal-e-do-estado-mentem-em-relacao-aos-numeros-do-covid-19/?share=facebook
https://www.jornaldosudoeste.com/;https://www.jornaldosudoeste.com/prefeitos-cobram-repasse-de-recursos-e-dialogo-com-governo-federal-para-enfrentar-a-crise-do-coronavirus/?share=jetpack-whatsapp
https://www.jornaldosudoeste.com/;https://www.jornaldosudoeste.com/prefeito-de-riacho-de-santana-aponta-acoes-desenvolvidas-no-municipio-para-combate-ao-covid-19/?share=facebook
http://www.sertaohoje.com.br/;http://www.sertaohoje.com.br/noticias/13000-2020/03/30/coronavirus-bahia-tem-156-casos-confirmados-e-1-obito
http://www.sertaohoje.com.br/;http://www.sertaohoje.com.br/noticias/12992-2020/03/28/governadores-do-nordeste-cobram-acao-imediata-do-governo-federal-no-combate-ao-coronavirus
http://www.sertaohoje.com.br/;http://www.sertaohoje.com.br/noticias/imprimir/13002-2020/03/30/coronavirus-feira-livre-de-guajeru-continua-suspensa-ate-dia-05-04-
http://www.sertaohoje.com.br/;http://www.sertaohoje.com.br/noticias/12999-2020/03/29/decretos-ratificam-medidas-contra-coronavirus-e-suspendem-transporte-em-29-municipios;-confira-
http://www.sertaohoje.com.br/;http://www.sertaohoje.com.br/noticias/imprimir/13000-2020/03/30/coronavirus-bahia-tem-156-casos-confirmados-e-1-obito
http://www.sertaohoje.com.br/;http://www.sertaohoje.com.br/noticias/imprimir/12999-2020/03/29/decretos-ratificam-medidas-contra-coronavirus-e-suspendem-transporte-em-29-municipios;-confira-
http://www.sertaohoje.com.br/;http://www.sertaohoje.com.br/noticias/12993-2020/03/28/coronavirus-vli-anuncia-pacote-de-ajuda-humanitaria-de-r-6-milhoes-para-auxiliar-os-estados-de-minas-gerais-rio-de-janeiro-maranhao-tocantins-e-bahia-
http://www.sertaohoje.com.br/;http://www.sertaohoje.com.br/noticias/imprimir/12992-2020/03/28/governadores-do-nordeste-cobram-acao-imediata-do-governo-federal-no-combate-ao-coronavirus
http://www.sertaohoje.com.br/;http://www.sertaohoje.com.br/noticias/13001-2020/03/30/brumado-idosa-que-faleceu-no-hospital-prof-magalhaes-neto-na-quinta-feira-30-testou-negativo-para-coronavirus
http://www.sertaohoje.com.br/;http://www.sertaohoje.com.br/noticias/imprimir/12997-2020/03/29/coronavirus-ministerio-da-saude-quer-aumentar-realizacao-de-testes-diarios-de-67-mil-para-50-mil
http://www.sertaohoje.com.br/;http://www.sertaohoje.com.br/noticias/13002-2020/03/30/coronavirus-feira-livre-de-guajeru-continua-suspensa-ate-dia-05-04-
http://www.sertaohoje.com.br/;http://www.sertaohoje.com.br/noticias/imprimir/12993-2020/03/28/coronavirus-vli-anuncia-pacote-de-ajuda-humanitaria-de-r-6-milhoes-para-auxiliar-os-estados-de-minas-gerais-rio-de-janeiro-maranhao-tocantins-e-bahia-
http://www.sertaohoje.com.br/;http://www.sertaohoje.com.br/noticias/12997-2020/03/29/coronavirus-ministerio-da-saude-quer-aumentar-realizacao-de-testes-diarios-de-67-mil-para-50-mil
http://www.sertaohoje.com.br/;http://www.sertaohoje.com.br/noticias/imprimir/13001-2020/03/30/brumado-idosa-que-faleceu-no-hospital-prof-magalhaes-neto-na-quinta-feira-30-testou-negativo-para-coronavirus
https://correiodooeste.com.br/;https://correiodooeste.com.br/mansidao-prefeitura-lanca-forca-tarefa-contra-o-coronavirus
https://jornalalerta.com.br/;https://jornalalerta.com.br/ministro-alemao-comete-suicidio-por-causa-da-crise-de-coronavirus
https://jornalalerta.com.br/;https://jornalalerta.com.br/torneio-do-trabalhador-e-adiado-por-medida-de-seguranca-sobre-o-novo-coronavirus
https://jornalalerta.com.br/;https://jornalalerta.com.br/novo-estudo-sobre-cloroquina-contra-covid-19-gera-fortes-receios-de-cientistas
https://jornalalerta.com.br/;https://jornalalerta.com.br/confirmacao-de-primeiro-caso-de-coronavirus-em-itamaraju-coincide-com-reabertura-do-comercio
https://jornalalerta.com.br/;https://jornalalerta.com.br/limpeza-de-espacos-publicos-no-centro-da-cidade-e-iniciada-em-prevencao-ao-novo-coronavirus
https://jornalalerta.com.br/;https://jornalalerta.com.br/coronavirus-provoca-guerra-por-respiradores-artificiais-no-brasil
https://www.jornalfolhadoestado.com/;https://www.jornalfolhadoestado.com/noticias/103500/pequenos-negocios-fazem-diferenca-no-combate-a-covid-19
https://www.jornalfolhadoestado.com/;https://www.jornalfolhadoestado.com/noticias/103469/feira-de-santana-tem-12-casos-do-novo-coronavirus
https://www.jornalfolhadoestado.com/;https://www.jornalfolhadoestado.com/noticias/103506/espanha-ultrapassa-85-mil-infectados-pela-covid-19
https://www.jornalfolhadoestado.com/;https://www.jornalfolhadoestado.com/noticias/103483/secretario-diz-que-estado-esta--lsquo;achatando-a-curva-rsquo;-da-covid-19.php
https://www.jornalfolhadoestado.com/;https://www.jornalfolhadoestado.com/noticias/103483/secretario-diz-que-estado-esta--lsquo;achatando-a-curva-rsquo;-da-covid-19
https://www.jornalfolhadoestado.com/;http://www.policiaeviola.jornalfolhadoestado.com
https://www.jornalfolhadoestado.com/;https://www.jornalfolhadoestado.com/noticias/103502/cancer:-covid-19-nao-deve-suspender-tratamentos
https://www.jornalfolhadoestado.com/;https://www.jornalfolhadoestado.com/banners.php?id=1080
https://www.jornalgrandebahia.com.br/;https://www.jornalgrandebahia.com.br/2020/03/coronavirus-manter-a-calma-e-ficar-em-casa-diz-medico-xiang-lu-que-atuou-perto-de-wuhan
https://www.jornalgrandebahia.com.br/;https://www.jornalgrandebahia.com.br/2020/03/com-o-tema-feira-de-santana-unida-contra-o-coronavirus-e-outras-viroses-campanha-em-outdoor-objetiva-unir-populacao-no-controle-sanitario-das-epidemias
https://www.jornalgrandebahia.com.br/;https://www.jornalgrandebahia.com.br/2020/03/o-que-e-o-coronavirus-covid-19-sintomas-formas-de-transmissao-diagnostico-tratamento-e-prevencao
https://www.jornalgrandebahia.com.br/;https://www.jornalgrandebahia.com.br/2020/03/primeiros-pacientes-infectados-pelo-covid-19-ocupam-leitos-no-hospital-fazendao-em-salvador
https://www.jornalgrandebahia.com.br/;https://www.jornalgrandebahia.com.br/2020/03/sms-de-feira-de-santana-registra-tres-novos-casos-de-covid-19-somando-12-os-infectados-no-municipio
https://www.jornalgrandebahia.com.br/;https://www.jornalgrandebahia.com.br/2020/03/partidas-de-futebol-continuam-suspensas-na-bahia-em-decorrencia-da-pandemia-de-covid-19-diz-governador-rui-costa
https://www.jornalgrandebahia.com.br/;https://www.jornalgrandebahia.com.br/tag/coronavirus-covid-19
https://www.jornalgrandebahia.com.br/;https://www.jornalgrandebahia.com.br/2020/03/brasil-tem-4-256-casos-confirmados-de-infeccao-pelo-covid-19-e-registro-de-136-mortes
https://www.jornalgrandebahia.com.br/;https://www.jornalgrandebahia.com.br/2020/03/sesab-confirma-156-casos-de-infeccao-pelo-covid-19
https://www.jornalgrandebahia.com.br/;https://www.jornalgrandebahia.com.br/2020/03/eua-podem-ter-200-000-mortes-por-coronavirus-e-milhoes-de-casos-alerta-especialista-anthony-fauci
https://www.jornalgrandebahia.com.br/;https://www.jornalgrandebahia.com.br/2020/03/prefeitos-da-bahia-cobram-repasse-de-recursos-e-dialogo-com-governo-bolsonaro-para-enfrentar-a-crise-do-coronavirus
https://www.jornalgrandebahia.com.br/;https://www.jornalgrandebahia.com.br/2020/03/papa-francisco-apoia-pedido-do-chefe-da-onu-por-cessar-fogo-global-para-mundo-focar-no-coronavirus
https://www.jornalgrandebahia.com.br/;https://www.jornalgrandebahia.com.br/2020/03/mais-de-340-caminhoneiros-foram-atendidos-pela-viabahia-prf-sest-senat-e-vitalmed-nenhum-com-suspeita-do-covid-19
https://www.jornalgrandebahia.com.br/;https://www.jornalgrandebahia.com.br/2020/03/a-homilia-pela-humanidade-e-superacao-da-pandemia-de-covid-19-por-papa-francisco
https://www.jornalgrandebahia.com.br/;https://www.jornalgrandebahia.com.br/2020/03/coronavirus-senai-cimatec-disponibiliza-acesso-a-supercomputador-para-pesquisadores
https://www.jornalgrandebahia.com.br/;https://www.jornalgrandebahia.com.br/2020/03/78-dos-medicos-brasileiros-acreditam-que-pais-nao-tem-estrutura-hospitalar-para-lidar-com-coronavirus-revela-pesquisa-ipsos-healthcare
http://www.tribunafeirense.com.br/;http://www.tribunafeirense.com.br/noticias/37741/bahia-registra-primeiro-obito-pelo-novo-coronavirus-covid-19-.html
http://www.tribunafeirense.com.br/;http://www.tribunafeirense.com.br/noticias/37719/fluminense-de-feira-cede-estrutura-do-centro-de-treinamento-para-a-prefeitura-no-enfrentamento-ao-covid-19.html
http://www.tribunafeirense.com.br/;http://www.tribunafeirense.com.br/noticias/37743/espanha-tem-838-mortes-por-covid-19-em-24-horas-segundo-recorde-em-dois-dias.html
http://www.tribunafeirense.com.br/;http://www.tribunafeirense.com.br/noticias/37747/feira-registra-tres-novos-casos-de-coronavirus-e-agora-sao-12-os-infectados-no-municipio.html
http://www.tribunafeirense.com.br/;http://www.tribunafeirense.com.br/noticias/37750/isolamento-social-por-coronavirus-pode-durar-seis-meses-no-reino-unido.html
http://www.tribunafeirense.com.br/;http://www.tribunafeirense.com.br/noticias/37737/crise-do-coronavirus-ditara-os-rumos-eleitorais-em-feira
http://www.tribunafeirense.com.br/;http://www.tribunafeirense.com.br/banners.php?id=779
https://diariobahia.com.br/;https://diariobahia.com.br/eleicoes-2020-e-o-coronavirus
https://diariobahia.com.br/;https://diariobahia.com.br/tele-coronavirus-155-comeca-a-funcionar-para-atender-a-populacao-gratuitamente-na-bahia
https://diariobahia.com.br/;https://diariobahia.com.br/bahia-registra-primeira-morte-pelo-novo-coronavirus
https://diariobahia.com.br/;https://diariobahia.com.br/hospital-de-base-de-itabuna-sera-exclusivo-para-casos-de-coronavirus
https://diariobahia.com.br/;https://diariobahia.com.br/conjunto-penal-de-itabuna-amplia-acoes-de-contencao-para-o-novo-coronavirus
https://diariobahia.com.br/;https://diariobahia.com.br/coronavirus-os-politicos-e-o-desemprego
https://diariobahia.com.br/;https://diariobahia.com.br/ex-prefeito-de-itororo-testa-positivo-para-o-coronavirus
https://diariobahia.com.br/;https://diariobahia.com.br/veja-os-novos-numeros-do-coronavirus-na-bahia
https://diariobahia.com.br/;https://diariobahia.com.br/ilheus-busca-voluntarios-da-saude-no-combate-ao-coronavirus
https://folharegionalbahia.com.br/;https://folharegionalbahia.com.br/coronavirus-eventos-devem-ser-adiados-e-aulas-devem-ser-suspensas-no-brasil-o-que-dizem-os-especialistas
https://folharegionalbahia.com.br/;https://folharegionalbahia.com.br/numero-de-casos-suspeitos-de-coronavirus-no-brasil-e-de-132
https://folharegionalbahia.com.br/;https://folharegionalbahia.com.br/pesquisadores-chineses-testam-medicamentos-contra-coronavirus
https://folharegionalbahia.com.br/;https://folharegionalbahia.com.br/sobe-para-30-numero-de-casos-confirmados-do-coronavirus-na-bahia-diz-sesab
https://folharegionalbahia.com.br/;https://folharegionalbahia.com.br/coronavirus-brasil-fecha-quase-toda-a-fronteira-terrestre-mas-mantem-entrada-por-aeroportos
http://oecojornal.com.br/;https://oecojornal.com.br/prefeitura-de-ibipitanga-mantem-equipes-multiprofissionais-e-intersetoriais-contra-o-coronavirus
http://oecojornal.com.br/;https://oecojornal.com.br/bahia-tem-14-pacientes-curados-do-coronavirus-numero-de-infectados-e-91
http://oecojornal.com.br/;https://oecojornal.com.br/category/coronavirus
http://oecojornal.com.br/;https://oecojornal.com.br/category/quarentenacovid-19
http://www.jornalimpacto.com.br/;http://www.jornalimpacto.com.br/noticias/conteudo/coronavirus-numero-de-casos-confirmados-na-bahia-sobe-para-127/62068
http://www.jornalimpacto.com.br/;http://www.jornalimpacto.com.br/noticias/conteudo/espanha-tem-832-mortes-em-um-dia-pelo-novo-coronavirus/62063
http://www.jornalimpacto.com.br/;http://www.jornalimpacto.com.br/noticias/conteudo/xand-aviao-e-esposa-testam-positivo-para-novo-coronavirus/61717
http://www.jornalimpacto.com.br/;http://www.sbcbrasil.com.br/noticias/conteudo/fernanda-paes-leme-comemora-alta-medica-apos-ter-contraido-covid-19/62129
http://www.jornalimpacto.com.br/;http://www.jornalimpacto.com.br/noticias/conteudo/coronavirus-cob-defende-adiamento-da-olimpiada-de-toquio-para-2021/61474
http://www.jornalimpacto.com.br/;http://www.jornalimpacto.com.br/noticias/conteudo/minhas-rosas-dinheiro-nao-saude-sim-herzem-quebra-quarentena-no-dia-que-covid19-chega-a-500-mil/61949
http://www.jornalimpacto.com.br/;http://www.jornalimpacto.com.br/noticias/conteudo/ex-tecnico-do-bahia-e-vitoria-rene-simoes-esta-com-o-coronavirus/62053
http://www.jornalimpacto.com.br/;http://www.jornalimpacto.com.br/noticias/conteudo/papa-reza-so-e-concede-indulgencia-plenaria-por-pandemia-de-coronavirus/62026
http://www.jornalimpacto.com.br/;http://www.jornalimpacto.com.br/noticias/conteudo/morte-de-jovem-de-16-anos-por-coronavirus-comove-a-franca/62000
http://www.jornalimpacto.com.br/;http://www.jornalimpacto.com.br/noticias/conteudo/coronavirusdavid-salomao-apresenta-projeto-de-lei-que-preve-quarentena-compulsoria-em-conquista/60879
http://www.jornalimpacto.com.br/;http://www.jornalimpacto.com.br/noticias/conteudo/desenhista-e-artista-plastico-daniel-azulay-morre-vitima-de-coronavirus/62031
http://www.jornalimpacto.com.br/;http://www.dialeticanews.com.br/noticias/conteudo/covid-19-appm-pede-suspensao-de-bloqueio-de-precatorios-para-auxilio-a-autonomos/62097
http://www.jornalimpacto.com.br/;http://www.jornalimpacto.com.br/noticias/conteudo/prefeito-herzem-esta-com-medo-mas-abre-hoteis-para-hospedes-sem-teste-para-covid19/62095
http://www.jornalimpacto.com.br/;http://www.jornalimpacto.com.br/noticias/conteudo/decretos-ratificam-medidas-contra-coronavirus-e-suspendem-transporte-em-29-cidades/62043
http://www.jornalimpacto.com.br/;http://www.jornalimpacto.com.br/noticias/conteudo/justica-do-trabalho-da-bahia-destina-r-10-milhoes-ao-combate-do-coronavirus/62042
